,date,depth_cm,year,month,day,month_day,winter
0,2008-11-01,0.0,2008,11,1,11-1,2008-2009
1,2008-11-02,0.0,2008,11,2,11-2,2008-2009
2,2008-11-03,0.0,2008,11,3,11-3,2008-2009
3,2008-11-04,0.0,2008,11,4,11-4,2008-2009
4,2008-11-05,0.0,2008,11,5,11-5,2008-2009
5,2008-11-06,0.0,2008,11,6,11-6,2008-2009
6,2008-11-07,0.0,2008,11,7,11-7,2008-2009
7,2008-11-08,0.0,2008,11,8,11-8,2008-2009
8,2008-11-09,0.0,2008,11,9,11-9,2008-2009
9,2008-11-10,0.0,2008,11,10,11-10,2008-2009
10,2008-11-11,0.0,2008,11,11,11-11,2008-2009
11,2008-11-12,0.0,2008,11,12,11-12,2008-2009
12,2008-11-13,0.0,2008,11,13,11-13,2008-2009
13,2008-11-14,0.0,2008,11,14,11-14,2008-2009
14,2008-11-15,0.0,2008,11,15,11-15,2008-2009
15,2008-11-16,0.0,2008,11,16,11-16,2008-2009
16,2008-11-17,0.0,2008,11,17,11-17,2008-2009
17,2008-11-18,0.0,2008,11,18,11-18,2008-2009
18,2008-11-19,10.0,2008,11,19,11-19,2008-2009
19,2008-11-20,10.0,2008,11,20,11-20,2008-2009
20,2008-11-21,10.0,2008,11,21,11-21,2008-2009
21,2008-11-22,10.0,2008,11,22,11-22,2008-2009
22,2008-11-23,12.0,2008,11,23,11-23,2008-2009
23,2008-11-24,10.0,2008,11,24,11-24,2008-2009
24,2008-11-25,38.0,2008,11,25,11-25,2008-2009
25,2008-11-26,65.0,2008,11,26,11-26,2008-2009
26,2008-11-27,38.0,2008,11,27,11-27,2008-2009
27,2008-11-28,38.0,2008,11,28,11-28,2008-2009
28,2008-11-29,65.0,2008,11,29,11-29,2008-2009
29,2008-11-30,63.0,2008,11,30,11-30,2008-2009
30,2008-12-01,60.0,2008,12,1,12-1,2008-2009
31,2008-12-02,60.0,2008,12,2,12-2,2008-2009
32,2008-12-03,60.0,2008,12,3,12-3,2008-2009
33,2008-12-04,58.0,2008,12,4,12-4,2008-2009
34,2008-12-05,56.0,2008,12,5,12-5,2008-2009
35,2008-12-06,57.0,2008,12,6,12-6,2008-2009
36,2008-12-07,57.0,2008,12,7,12-7,2008-2009
37,2008-12-08,58.0,2008,12,8,12-8,2008-2009
38,2008-12-09,58.0,2008,12,9,12-9,2008-2009
39,2008-12-10,54.0,2008,12,10,12-10,2008-2009
40,2008-12-11,51.0,2008,12,11,12-11,2008-2009
41,2008-12-12,68.0,2008,12,12,12-12,2008-2009
42,2008-12-13,63.0,2008,12,13,12-13,2008-2009
43,2008-12-14,63.0,2008,12,14,12-14,2008-2009
44,2008-12-16,59.0,2008,12,16,12-16,2008-2009
45,2008-12-17,63.0,2008,12,17,12-17,2008-2009
46,2008-12-18,72.0,2008,12,18,12-18,2008-2009
47,2008-12-19,78.0,2008,12,19,12-19,2008-2009
48,2008-12-20,95.0,2008,12,20,12-20,2008-2009
49,2008-12-21,94.0,2008,12,21,12-21,2008-2009
50,2008-12-22,125.0,2008,12,22,12-22,2008-2009
51,2008-12-23,123.0,2008,12,23,12-23,2008-2009
52,2008-12-24,125.0,2008,12,24,12-24,2008-2009
53,2008-12-25,111.0,2008,12,25,12-25,2008-2009
54,2008-12-26,110.0,2008,12,26,12-26,2008-2009
55,2008-12-27,105.0,2008,12,27,12-27,2008-2009
56,2008-12-28,85.0,2008,12,28,12-28,2008-2009
57,2008-12-29,73.0,2008,12,29,12-29,2008-2009
58,2008-12-30,76.0,2008,12,30,12-30,2008-2009
59,2008-12-31,83.0,2008,12,31,12-31,2008-2009
60,2009-01-01,80.0,2009,1,1,1-1,2008-2009
61,2009-01-02,78.0,2009,1,2,1-2,2008-2009
62,2009-01-03,83.0,2009,1,3,1-3,2008-2009
63,2009-01-04,81.0,2009,1,4,1-4,2008-2009
64,2009-01-05,83.0,2009,1,5,1-5,2008-2009
65,2009-01-06,85.0,2009,1,6,1-6,2008-2009
66,2009-01-07,89.0,2009,1,7,1-7,2008-2009
67,2009-01-08,95.0,2009,1,8,1-8,2008-2009
68,2009-01-09,98.0,2009,1,9,1-9,2008-2009
69,2009-01-10,98.0,2009,1,10,1-10,2008-2009
70,2009-01-11,106.0,2009,1,11,1-11,2008-2009
71,2009-01-12,112.0,2009,1,12,1-12,2008-2009
72,2009-01-13,113.0,2009,1,13,1-13,2008-2009
73,2009-01-14,115.0,2009,1,14,1-14,2008-2009
74,2009-01-15,114.0,2009,1,15,1-15,2008-2009
75,2009-01-16,114.0,2009,1,16,1-16,2008-2009
76,2009-01-17,106.0,2009,1,17,1-17,2008-2009
77,2009-01-18,108.0,2009,1,18,1-18,2008-2009
78,2009-01-19,133.0,2009,1,19,1-19,2008-2009
79,2009-01-20,132.0,2009,1,20,1-20,2008-2009
80,2009-01-21,129.0,2009,1,21,1-21,2008-2009
81,2009-01-22,123.0,2009,1,22,1-22,2008-2009
82,2009-01-23,120.0,2009,1,23,1-23,2008-2009
83,2009-01-24,118.0,2009,1,24,1-24,2008-2009
84,2009-01-25,115.0,2009,1,25,1-25,2008-2009
85,2009-01-26,114.0,2009,1,26,1-26,2008-2009
86,2009-01-27,114.0,2009,1,27,1-27,2008-2009
87,2009-01-28,113.0,2009,1,28,1-28,2008-2009
88,2009-01-29,150.0,2009,1,29,1-29,2008-2009
89,2009-01-30,148.0,2009,1,30,1-30,2008-2009
90,2009-01-31,152.0,2009,1,31,1-31,2008-2009
91,2009-02-01,147.0,2009,2,1,2-1,2008-2009
92,2009-02-02,143.0,2009,2,2,2-2,2008-2009
93,2009-02-03,140.0,2009,2,3,2-3,2008-2009
94,2009-02-04,139.0,2009,2,4,2-4,2008-2009
95,2009-02-05,138.0,2009,2,5,2-5,2008-2009
96,2009-02-06,136.0,2009,2,6,2-6,2008-2009
97,2009-02-07,135.0,2009,2,7,2-7,2008-2009
98,2009-02-08,132.0,2009,2,8,2-8,2008-2009
99,2009-02-09,135.0,2009,2,9,2-9,2008-2009
100,2009-02-10,135.0,2009,2,10,2-10,2008-2009
101,2009-02-11,130.0,2009,2,11,2-11,2008-2009
102,2009-02-12,126.0,2009,2,12,2-12,2008-2009
103,2009-02-13,134.0,2009,2,13,2-13,2008-2009
104,2009-02-14,135.0,2009,2,14,2-14,2008-2009
105,2009-02-15,134.0,2009,2,15,2-15,2008-2009
106,2009-02-16,133.0,2009,2,16,2-16,2008-2009
107,2009-02-17,134.0,2009,2,17,2-17,2008-2009
108,2009-02-18,133.0,2009,2,18,2-18,2008-2009
109,2009-02-19,155.0,2009,2,19,2-19,2008-2009
110,2009-02-20,180.0,2009,2,20,2-20,2008-2009
111,2009-02-21,175.0,2009,2,21,2-21,2008-2009
112,2009-02-22,173.0,2009,2,22,2-22,2008-2009
113,2009-02-23,218.0,2009,2,23,2-23,2008-2009
114,2009-02-24,216.0,2009,2,24,2-24,2008-2009
115,2009-02-25,208.0,2009,2,25,2-25,2008-2009
116,2009-02-26,203.0,2009,2,26,2-26,2008-2009
117,2009-02-27,198.0,2009,2,27,2-27,2008-2009
118,2009-02-28,190.0,2009,2,28,2-28,2008-2009
119,2009-03-01,188.0,2009,3,1,3-1,2008-2009
120,2009-03-02,191.0,2009,3,2,3-2,2008-2009
121,2009-03-03,196.0,2009,3,3,3-3,2008-2009
122,2009-03-04,193.0,2009,3,4,3-4,2008-2009
123,2009-03-05,191.0,2009,3,5,3-5,2008-2009
124,2009-03-06,189.0,2009,3,6,3-6,2008-2009
125,2009-03-07,180.0,2009,3,7,3-7,2008-2009
126,2009-03-08,180.0,2009,3,8,3-8,2008-2009
127,2009-03-09,177.0,2009,3,9,3-9,2008-2009
128,2009-03-10,179.0,2009,3,10,3-10,2008-2009
129,2009-03-11,178.0,2009,3,11,3-11,2008-2009
130,2009-03-12,178.0,2009,3,12,3-12,2008-2009
131,2009-03-13,178.0,2009,3,13,3-13,2008-2009
132,2009-03-14,178.0,2009,3,14,3-14,2008-2009
133,2009-03-15,178.0,2009,3,15,3-15,2008-2009
134,2009-03-16,177.0,2009,3,16,3-16,2008-2009
135,2009-03-17,176.0,2009,3,17,3-17,2008-2009
136,2009-03-18,175.0,2009,3,18,3-18,2008-2009
137,2009-03-19,173.0,2009,3,19,3-19,2008-2009
138,2009-03-20,170.0,2009,3,20,3-20,2008-2009
139,2009-03-21,170.0,2009,3,21,3-21,2008-2009
140,2009-03-22,170.0,2009,3,22,3-22,2008-2009
141,2009-03-23,174.0,2009,3,23,3-23,2008-2009
142,2009-03-24,169.0,2009,3,24,3-24,2008-2009
143,2009-03-25,167.0,2009,3,25,3-25,2008-2009
144,2009-03-26,164.0,2009,3,26,3-26,2008-2009
145,2009-03-27,162.0,2009,3,27,3-27,2008-2009
146,2009-03-28,160.0,2009,3,28,3-28,2008-2009
147,2009-03-29,158.0,2009,3,29,3-29,2008-2009
148,2009-03-30,156.0,2009,3,30,3-30,2008-2009
149,2009-03-31,158.0,2009,3,31,3-31,2008-2009
150,2009-04-01,157.0,2009,4,1,4-1,2008-2009
151,2009-04-02,154.0,2009,4,2,4-2,2008-2009
152,2009-04-03,151.0,2009,4,3,4-3,2008-2009
153,2009-04-04,144.0,2009,4,4,4-4,2008-2009
154,2009-04-05,140.0,2009,4,5,4-5,2008-2009
155,2009-04-06,138.0,2009,4,6,4-6,2008-2009
156,2009-04-07,142.0,2009,4,7,4-7,2008-2009
157,2009-04-08,142.0,2009,4,8,4-8,2008-2009
158,2009-04-09,142.0,2009,4,9,4-9,2008-2009
159,2009-04-10,141.0,2009,4,10,4-10,2008-2009
160,2009-04-11,141.0,2009,4,11,4-11,2008-2009
161,2009-04-12,138.0,2009,4,12,4-12,2008-2009
162,2009-04-13,138.0,2009,4,13,4-13,2008-2009
163,2009-04-14,137.0,2009,4,14,4-14,2008-2009
164,2009-04-15,135.0,2009,4,15,4-15,2008-2009
165,2009-04-16,132.0,2009,4,16,4-16,2008-2009
166,2009-04-17,129.0,2009,4,17,4-17,2008-2009
167,2009-04-18,125.0,2009,4,18,4-18,2008-2009
168,2009-04-19,123.0,2009,4,19,4-19,2008-2009
169,2009-04-20,118.0,2009,4,20,4-20,2008-2009
170,2009-04-21,121.0,2009,4,21,4-21,2008-2009
171,2009-04-22,118.0,2009,4,22,4-22,2008-2009
172,2009-04-23,122.0,2009,4,23,4-23,2008-2009
173,2009-04-24,130.0,2009,4,24,4-24,2008-2009
174,2009-04-25,118.0,2009,4,25,4-25,2008-2009
175,2009-04-26,108.0,2009,4,26,4-26,2008-2009
176,2009-04-27,99.0,2009,4,27,4-27,2008-2009
177,2009-04-28,90.0,2009,4,28,4-28,2008-2009
178,2009-04-29,80.0,2009,4,29,4-29,2008-2009
179,2009-04-30,77.0,2009,4,30,4-30,2008-2009
180,2009-05-01,71.0,2009,5,1,5-1,2008-2009
181,2009-05-02,65.0,2009,5,2,5-2,2008-2009
182,2009-05-03,58.0,2009,5,3,5-3,2008-2009
183,2009-05-04,55.0,2009,5,4,5-4,2008-2009
184,2009-05-05,53.0,2009,5,5,5-5,2008-2009
185,2009-05-06,44.0,2009,5,6,5-6,2008-2009
186,2009-05-07,45.0,2009,5,7,5-7,2008-2009
187,2009-05-08,38.0,2009,5,8,5-8,2008-2009
188,2009-05-09,32.0,2009,5,9,5-9,2008-2009
189,2009-05-10,27.0,2009,5,10,5-10,2008-2009
190,2009-05-11,25.0,2009,5,11,5-11,2008-2009
191,2009-05-12,21.0,2009,5,12,5-12,2008-2009
192,2009-05-13,17.0,2009,5,13,5-13,2008-2009
193,2009-05-14,12.0,2009,5,14,5-14,2008-2009
194,2009-05-15,8.0,2009,5,15,5-15,2008-2009
195,2009-05-16,0.0,2009,5,16,5-16,2008-2009
196,2009-05-17,0.0,2009,5,17,5-17,2008-2009
197,2009-05-18,0.0,2009,5,18,5-18,2008-2009
198,2009-05-19,0.0,2009,5,19,5-19,2008-2009
199,2009-05-20,0.0,2009,5,20,5-20,2008-2009
200,2009-05-21,0.0,2009,5,21,5-21,2008-2009
201,2009-05-22,0.0,2009,5,22,5-22,2008-2009
202,2009-05-23,0.0,2009,5,23,5-23,2008-2009
203,2009-05-24,0.0,2009,5,24,5-24,2008-2009
204,2009-12-01,33.0,2009,12,1,12-1,2009-2010
205,2009-12-02,31.0,2009,12,2,12-2,2009-2010
206,2009-12-03,26.0,2009,12,3,12-3,2009-2010
207,2009-12-04,21.0,2009,12,4,12-4,2009-2010
208,2009-12-05,19.0,2009,12,5,12-5,2009-2010
209,2009-12-06,29.0,2009,12,6,12-6,2009-2010
210,2009-12-07,29.0,2009,12,7,12-7,2009-2010
211,2009-12-08,31.0,2009,12,8,12-8,2009-2010
212,2009-12-09,30.0,2009,12,9,12-9,2009-2010
213,2009-12-10,60.0,2009,12,10,12-10,2009-2010
214,2009-12-11,78.0,2009,12,11,12-11,2009-2010
215,2009-12-12,88.0,2009,12,12,12-12,2009-2010
216,2009-12-13,81.0,2009,12,13,12-13,2009-2010
217,2009-12-14,88.0,2009,12,14,12-14,2009-2010
218,2009-12-15,86.0,2009,12,15,12-15,2009-2010
219,2009-12-16,86.0,2009,12,16,12-16,2009-2010
220,2009-12-17,84.0,2009,12,17,12-17,2009-2010
221,2009-12-18,82.0,2009,12,18,12-18,2009-2010
222,2009-12-19,79.0,2009,12,19,12-19,2009-2010
223,2009-12-20,77.0,2009,12,20,12-20,2009-2010
224,2009-12-21,75.0,2009,12,21,12-21,2009-2010
225,2009-12-22,72.0,2009,12,22,12-22,2009-2010
226,2009-12-23,71.0,2009,12,23,12-23,2009-2010
227,2009-12-24,71.0,2009,12,24,12-24,2009-2010
228,2009-12-25,71.0,2009,12,25,12-25,2009-2010
229,2009-12-26,71.0,2009,12,26,12-26,2009-2010
230,2009-12-27,82.0,2009,12,27,12-27,2009-2010
231,2009-12-28,81.0,2009,12,28,12-28,2009-2010
232,2009-12-29,98.0,2009,12,29,12-29,2009-2010
233,2009-12-30,99.0,2009,12,30,12-30,2009-2010
234,2009-12-31,98.0,2009,12,31,12-31,2009-2010
235,2010-01-01,98.0,2010,1,1,1-1,2009-2010
236,2010-01-02,103.0,2010,1,2,1-2,2009-2010
237,2010-01-03,125.0,2010,1,3,1-3,2009-2010
238,2010-01-04,121.0,2010,1,4,1-4,2009-2010
239,2010-01-05,114.0,2010,1,5,1-5,2009-2010
240,2010-01-06,111.0,2010,1,6,1-6,2009-2010
241,2010-01-07,108.0,2010,1,7,1-7,2009-2010
242,2010-01-08,106.0,2010,1,8,1-8,2009-2010
243,2010-01-09,104.0,2010,1,9,1-9,2009-2010
244,2010-01-10,104.0,2010,1,10,1-10,2009-2010
245,2010-01-11,103.0,2010,1,11,1-11,2009-2010
246,2010-01-12,100.0,2010,1,12,1-12,2009-2010
247,2010-01-13,100.0,2010,1,13,1-13,2009-2010
248,2010-01-14,99.0,2010,1,14,1-14,2009-2010
249,2010-01-15,97.0,2010,1,15,1-15,2009-2010
250,2010-01-16,97.0,2010,1,16,1-16,2009-2010
251,2010-01-17,96.0,2010,1,17,1-17,2009-2010
252,2010-01-18,106.0,2010,1,18,1-18,2009-2010
253,2010-01-19,108.0,2010,1,19,1-19,2009-2010
254,2010-01-20,110.0,2010,1,20,1-20,2009-2010
255,2010-01-21,112.0,2010,1,21,1-21,2009-2010
256,2010-01-22,108.0,2010,1,22,1-22,2009-2010
257,2010-01-23,107.0,2010,1,23,1-23,2009-2010
258,2010-01-23,108.0,2010,1,23,1-23,2009-2010
259,2010-01-26,88.0,2010,1,26,1-26,2009-2010
260,2010-01-27,88.0,2010,1,27,1-27,2009-2010
261,2010-01-28,88.0,2010,1,28,1-28,2009-2010
262,2010-01-29,100.0,2010,1,29,1-29,2009-2010
263,2010-01-30,100.0,2010,1,30,1-30,2009-2010
264,2010-01-31,99.0,2010,1,31,1-31,2009-2010
265,2010-02-01,100.0,2010,2,1,2-1,2009-2010
266,2010-02-03,96.0,2010,2,3,2-3,2009-2010
267,2010-02-04,104.0,2010,2,4,2-4,2009-2010
268,2010-02-05,100.0,2010,2,5,2-5,2009-2010
269,2010-02-06,100.0,2010,2,6,2-6,2009-2010
270,2010-02-07,100.0,2010,2,7,2-7,2009-2010
271,2010-02-08,100.0,2010,2,8,2-8,2009-2010
272,2010-02-09,99.0,2010,2,9,2-9,2009-2010
273,2010-02-10,99.0,2010,2,10,2-10,2009-2010
274,2010-02-11,100.0,2010,2,11,2-11,2009-2010
275,2010-02-12,100.0,2010,2,12,2-12,2009-2010
276,2010-02-13,99.0,2010,2,13,2-13,2009-2010
277,2010-02-14,98.0,2010,2,14,2-14,2009-2010
278,2010-02-15,97.0,2010,2,15,2-15,2009-2010
279,2010-02-16,95.0,2010,2,16,2-16,2009-2010
280,2010-02-17,96.0,2010,2,17,2-17,2009-2010
281,2010-02-18,96.0,2010,2,18,2-18,2009-2010
282,2010-02-19,96.0,2010,2,19,2-19,2009-2010
283,2010-02-20,97.0,2010,2,20,2-20,2009-2010
284,2010-02-21,98.0,2010,2,21,2-21,2009-2010
285,2010-02-22,100.0,2010,2,22,2-22,2009-2010
286,2010-02-23,100.0,2010,2,23,2-23,2009-2010
287,2010-02-24,105.0,2010,2,24,2-24,2009-2010
288,2010-02-25,137.0,2010,2,25,2-25,2009-2010
289,2010-02-26,162.0,2010,2,26,2-26,2009-2010
290,2010-02-27,179.0,2010,2,27,2-27,2009-2010
291,2010-02-28,198.0,2010,2,28,2-28,2009-2010
292,2010-03-01,207.0,2010,3,1,3-1,2009-2010
293,2010-03-02,206.0,2010,3,2,3-2,2009-2010
294,2010-03-03,200.0,2010,3,3,3-3,2009-2010
295,2010-03-04,197.0,2010,3,4,3-4,2009-2010
296,2010-03-05,194.0,2010,3,5,3-5,2009-2010
297,2010-03-06,192.0,2010,3,6,3-6,2009-2010
298,2010-03-07,192.0,2010,3,7,3-7,2009-2010
299,2010-03-08,185.0,2010,3,8,3-8,2009-2010
300,2010-03-09,180.0,2010,3,9,3-9,2009-2010
301,2010-03-10,179.0,2010,3,10,3-10,2009-2010
302,2010-03-11,175.0,2010,3,11,3-11,2009-2010
303,2010-03-12,173.0,2010,3,12,3-12,2009-2010
304,2010-03-13,160.0,2010,3,13,3-13,2009-2010
305,2010-03-14,160.0,2010,3,14,3-14,2009-2010
306,2010-03-15,197.0,2010,3,15,3-15,2009-2010
307,2010-03-16,198.0,2010,3,16,3-16,2009-2010
308,2010-03-17,194.0,2010,3,17,3-17,2009-2010
309,2010-03-18,191.0,2010,3,18,3-18,2009-2010
310,2010-03-19,186.0,2010,3,19,3-19,2009-2010
311,2010-03-20,181.0,2010,3,20,3-20,2009-2010
312,2010-03-21,178.0,2010,3,21,3-21,2009-2010
313,2010-03-22,172.0,2010,3,22,3-22,2009-2010
314,2010-03-23,166.0,2010,3,23,3-23,2009-2010
315,2010-03-24,162.0,2010,3,24,3-24,2009-2010
316,2010-03-25,173.0,2010,3,25,3-25,2009-2010
317,2010-03-27,175.0,2010,3,27,3-27,2009-2010
318,2010-03-28,173.0,2010,3,28,3-28,2009-2010
319,2010-03-29,187.0,2010,3,29,3-29,2009-2010
320,2010-03-30,180.0,2010,3,30,3-30,2009-2010
321,2010-03-31,174.0,2010,3,31,3-31,2009-2010
322,2010-04-01,170.0,2010,4,1,4-1,2009-2010
323,2010-04-01,170.0,2010,4,1,4-1,2009-2010
324,2010-04-02,166.0,2010,4,2,4-2,2009-2010
325,2010-04-03,159.0,2010,4,3,4-3,2009-2010
326,2010-04-04,149.0,2010,4,4,4-4,2009-2010
327,2010-04-05,142.0,2010,4,5,4-5,2009-2010
328,2010-04-06,142.0,2010,4,6,4-6,2009-2010
329,2010-04-07,134.0,2010,4,7,4-7,2009-2010
330,2010-04-08,130.0,2010,4,8,4-8,2009-2010
331,2010-04-09,120.0,2010,4,9,4-9,2009-2010
332,2010-04-10,120.0,2010,4,10,4-10,2009-2010
333,2010-04-11,120.0,2010,4,11,4-11,2009-2010
334,2010-04-12,120.0,2010,4,12,4-12,2009-2010
335,2010-04-13,120.0,2010,4,13,4-13,2009-2010
336,2010-04-14,118.0,2010,4,14,4-14,2009-2010
337,2010-04-15,115.0,2010,4,15,4-15,2009-2010
338,2010-04-16,115.0,2010,4,16,4-16,2009-2010
339,2010-04-17,132.0,2010,4,17,4-17,2009-2010
340,2010-04-18,134.0,2010,4,18,4-18,2009-2010
341,2010-04-19,138.0,2010,4,19,4-19,2009-2010
342,2010-04-20,127.0,2010,4,20,4-20,2009-2010
343,2010-04-21,118.0,2010,4,21,4-21,2009-2010
344,2010-04-22,112.0,2010,4,22,4-22,2009-2010
345,2010-04-23,108.0,2010,4,23,4-23,2009-2010
346,2010-04-24,108.0,2010,4,24,4-24,2009-2010
347,2010-04-25,105.0,2010,4,25,4-25,2009-2010
348,2010-04-26,100.0,2010,4,26,4-26,2009-2010
349,2010-04-27,97.0,2010,4,27,4-27,2009-2010
350,2010-04-28,138.0,2010,4,28,4-28,2009-2010
351,2010-04-29,145.0,2010,4,29,4-29,2009-2010
352,2010-04-30,145.0,2010,4,30,4-30,2009-2010
353,2010-05-01,130.0,2010,5,1,5-1,2009-2010
354,2010-05-02,107.0,2010,5,2,5-2,2009-2010
355,2010-05-03,94.0,2010,5,3,5-3,2009-2010
356,2010-05-04,86.0,2010,5,4,5-4,2009-2010
357,2010-05-05,75.0,2010,5,5,5-5,2009-2010
358,2010-05-06,71.0,2010,5,6,5-6,2009-2010
359,2010-05-07,70.0,2010,5,7,5-7,2009-2010
360,2010-05-08,65.0,2010,5,8,5-8,2009-2010
361,2010-05-09,63.0,2010,5,9,5-9,2009-2010
362,2010-05-10,70.0,2010,5,10,5-10,2009-2010
363,2010-05-10,0.0,2010,5,10,5-10,2009-2010
364,2010-05-11,70.0,2010,5,11,5-11,2009-2010
365,2010-05-12,63.0,2010,5,12,5-12,2009-2010
366,2010-05-13,60.0,2010,5,13,5-13,2009-2010
367,2010-05-14,55.0,2010,5,14,5-14,2009-2010
368,2010-05-15,47.0,2010,5,15,5-15,2009-2010
369,2010-05-16,43.0,2010,5,16,5-16,2009-2010
370,2010-05-17,0.0,2010,5,17,5-17,2009-2010
371,2010-05-18,0.0,2010,5,18,5-18,2009-2010
372,2010-05-20,0.0,2010,5,20,5-20,2009-2010
373,2010-05-21,0.0,2010,5,21,5-21,2009-2010
374,2010-05-22,0.0,2010,5,22,5-22,2009-2010
375,2010-05-23,0.0,2010,5,23,5-23,2009-2010
376,2010-05-24,0.0,2010,5,24,5-24,2009-2010
377,2010-05-25,0.0,2010,5,25,5-25,2009-2010
378,2010-05-26,0.0,2010,5,26,5-26,2009-2010
379,2010-05-27,0.0,2010,5,27,5-27,2009-2010
380,2010-05-28,0.0,2010,5,28,5-28,2009-2010
381,2011-11-23,25.0,2011,11,23,11-23,2011-2012
382,2011-11-24,53.0,2011,11,24,11-24,2011-2012
383,2011-11-25,38.0,2011,11,25,11-25,2011-2012
384,2011-11-26,35.0,2011,11,26,11-26,2011-2012
385,2011-11-27,23.0,2011,11,27,11-27,2011-2012
386,2011-11-28,18.0,2011,11,28,11-28,2011-2012
387,2011-11-29,0.0,2011,11,29,11-29,2011-2012
388,2011-11-30,0.0,2011,11,30,11-30,2011-2012
389,2011-12-01,0.0,2011,12,1,12-1,2011-2012
390,2011-12-02,0.0,2011,12,2,12-2,2011-2012
391,2011-12-03,1.0,2011,12,3,12-3,2011-2012
392,2011-12-04,0.0,2011,12,4,12-4,2011-2012
393,2011-12-05,0.0,2011,12,5,12-5,2011-2012
394,2011-12-06,0.0,2011,12,6,12-6,2011-2012
395,2011-12-07,0.0,2011,12,7,12-7,2011-2012
396,2011-12-08,8.0,2011,12,8,12-8,2011-2012
397,2011-12-09,9.0,2011,12,9,12-9,2011-2012
398,2011-12-10,10.0,2011,12,10,12-10,2011-2012
399,2011-12-11,10.0,2011,12,11,12-11,2011-2012
400,2011-12-12,8.0,2011,12,12,12-12,2011-2012
401,2011-12-13,8.0,2011,12,13,12-13,2011-2012
402,2011-12-14,10.0,2011,12,14,12-14,2011-2012
403,2011-12-15,15.0,2011,12,15,12-15,2011-2012
404,2011-12-16,15.0,2011,12,16,12-16,2011-2012
405,2011-12-17,21.0,2011,12,17,12-17,2011-2012
406,2011-12-18,19.0,2011,12,18,12-18,2011-2012
407,2011-12-19,19.0,2011,12,19,12-19,2011-2012
408,2012-01-01,38.0,2012,1,1,1-1,2011-2012
409,2012-01-02,44.0,2012,1,2,1-2,2011-2012
410,2012-01-03,52.0,2012,1,3,1-3,2011-2012
411,2012-01-04,50.0,2012,1,4,1-4,2011-2012
412,2012-01-05,50.0,2012,1,5,1-5,2011-2012
413,2012-01-06,52.0,2012,1,6,1-6,2011-2012
414,2012-01-07,50.0,2012,1,7,1-7,2011-2012
415,2012-01-08,50.0,2012,1,8,1-8,2011-2012
416,2012-01-09,50.0,2012,1,9,1-9,2011-2012
417,2012-01-10,50.0,2012,1,10,1-10,2011-2012
418,2012-01-11,50.0,2012,1,11,1-11,2011-2012
419,2012-01-12,50.0,2012,1,12,1-12,2011-2012
420,2012-01-13,69.0,2012,1,13,1-13,2011-2012
421,2012-01-14,80.0,2012,1,14,1-14,2011-2012
422,2012-01-15,78.0,2012,1,15,1-15,2011-2012
423,2012-01-16,75.0,2012,1,16,1-16,2011-2012
424,2012-01-17,75.0,2012,1,17,1-17,2011-2012
425,2012-01-18,72.0,2012,1,18,1-18,2011-2012
426,2012-01-19,72.0,2012,1,19,1-19,2011-2012
427,2012-01-20,88.0,2012,1,20,1-20,2011-2012
428,2012-01-21,85.0,2012,1,21,1-21,2011-2012
429,2012-01-22,85.0,2012,1,22,1-22,2011-2012
430,2012-01-23,84.0,2012,1,23,1-23,2011-2012
431,2012-01-24,80.0,2012,1,24,1-24,2011-2012
432,2012-01-25,70.0,2012,1,25,1-25,2011-2012
433,2012-01-26,70.0,2012,1,26,1-26,2011-2012
434,2012-01-27,80.0,2012,1,27,1-27,2011-2012
435,2012-01-28,85.0,2012,1,28,1-28,2011-2012
436,2012-01-29,85.0,2012,1,29,1-29,2011-2012
437,2012-01-30,90.0,2012,1,30,1-30,2011-2012
438,2012-01-31,90.0,2012,1,31,1-31,2011-2012
439,2012-02-01,95.0,2012,2,1,2-1,2011-2012
440,2012-02-02,90.0,2012,2,2,2-2,2011-2012
441,2012-02-03,90.0,2012,2,3,2-3,2011-2012
442,2012-02-04,90.0,2012,2,4,2-4,2011-2012
443,2012-02-05,90.0,2012,2,5,2-5,2011-2012
444,2012-02-06,90.0,2012,2,6,2-6,2011-2012
445,2012-02-07,90.0,2012,2,7,2-7,2011-2012
446,2012-02-08,91.0,2012,2,8,2-8,2011-2012
447,2012-02-09,90.0,2012,2,9,2-9,2011-2012
448,2012-02-10,88.0,2012,2,10,2-10,2011-2012
449,2012-02-11,89.0,2012,2,11,2-11,2011-2012
450,2012-02-12,91.0,2012,2,12,2-12,2011-2012
451,2012-02-13,90.0,2012,2,13,2-13,2011-2012
452,2012-02-14,89.0,2012,2,14,2-14,2011-2012
453,2012-02-15,89.0,2012,2,15,2-15,2011-2012
454,2012-02-16,90.0,2012,2,16,2-16,2011-2012
455,2012-02-17,92.0,2012,2,17,2-17,2011-2012
456,2012-02-18,96.0,2012,2,18,2-18,2011-2012
457,2012-02-19,96.0,2012,2,19,2-19,2011-2012
458,2012-02-20,95.0,2012,2,20,2-20,2011-2012
459,2012-02-21,93.0,2012,2,21,2-21,2011-2012
460,2012-02-22,93.0,2012,2,22,2-22,2011-2012
461,2012-02-23,95.0,2012,2,23,2-23,2011-2012
462,2012-02-24,96.0,2012,2,24,2-24,2011-2012
463,2012-02-25,120.0,2012,2,25,2-25,2011-2012
464,2012-02-26,135.0,2012,2,26,2-26,2011-2012
465,2012-02-27,130.0,2012,2,27,2-27,2011-2012
466,2012-02-28,130.0,2012,2,28,2-28,2011-2012
467,2012-02-29,126.0,2012,2,29,2-29,2011-2012
468,2012-03-01,133.0,2012,3,1,3-1,2011-2012
469,2012-03-02,150.0,2012,3,2,3-2,2011-2012
470,2012-03-03,152.0,2012,3,3,3-3,2011-2012
471,2012-03-04,147.0,2012,3,4,3-4,2011-2012
472,2012-03-05,155.0,2012,3,5,3-5,2011-2012
473,2012-03-06,153.0,2012,3,6,3-6,2011-2012
474,2012-03-07,150.0,2012,3,7,3-7,2011-2012
475,2012-03-08,145.0,2012,3,8,3-8,2011-2012
476,2012-03-09,130.0,2012,3,9,3-9,2011-2012
477,2012-03-10,135.0,2012,3,10,3-10,2011-2012
478,2012-03-11,134.0,2012,3,11,3-11,2011-2012
479,2012-03-12,129.0,2012,3,12,3-12,2011-2012
480,2012-03-13,127.0,2012,3,13,3-13,2011-2012
481,2012-04-01,68.0,2012,4,1,4-1,2011-2012
482,2012-04-02,75.0,2012,4,2,4-2,2011-2012
483,2012-04-03,70.0,2012,4,3,4-3,2011-2012
484,2012-04-04,68.0,2012,4,4,4-4,2011-2012
485,2012-04-05,69.0,2012,4,5,4-5,2011-2012
486,2012-04-06,69.0,2012,4,6,4-6,2011-2012
487,2012-04-07,69.0,2012,4,7,4-7,2011-2012
488,2012-04-08,70.0,2012,4,8,4-8,2011-2012
489,2012-04-09,85.0,2012,4,9,4-9,2011-2012
490,2012-04-10,110.0,2012,4,10,4-10,2011-2012
491,2012-04-11,110.0,2012,4,11,4-11,2011-2012
492,2012-04-12,110.0,2012,4,12,4-12,2011-2012
493,2012-04-13,110.0,2012,4,13,4-13,2011-2012
494,2012-04-14,105.0,2012,4,14,4-14,2011-2012
495,2012-04-15,94.0,2012,4,15,4-15,2011-2012
496,2012-04-16,82.0,2012,4,16,4-16,2011-2012
497,2012-04-17,68.0,2012,4,17,4-17,2011-2012
498,2012-04-18,60.0,2012,4,18,4-18,2011-2012
499,2012-04-19,58.0,2012,4,19,4-19,2011-2012
500,2012-04-20,55.0,2012,4,20,4-20,2011-2012
501,2012-04-21,50.0,2012,4,21,4-21,2011-2012
502,2012-04-22,35.0,2012,4,22,4-22,2011-2012
503,2012-04-23,35.0,2012,4,23,4-23,2011-2012
504,2012-04-24,25.0,2012,4,24,4-24,2011-2012
505,2012-04-25,23.0,2012,4,25,4-25,2011-2012
506,2012-04-26,0.0,2012,4,26,4-26,2011-2012
507,2012-04-27,0.0,2012,4,27,4-27,2011-2012
508,2018-01-20,86.0,2018,1,20,1-20,2017-2018
509,2018-01-21,86.0,2018,1,21,1-21,2017-2018
510,2018-01-22,86.0,2018,1,22,1-22,2017-2018
511,2018-01-23,89.0,2018,1,23,1-23,2017-2018
512,2018-01-24,91.0,2018,1,24,1-24,2017-2018
513,2018-01-25,90.0,2018,1,25,1-25,2017-2018
514,2018-01-26,90.0,2018,1,26,1-26,2017-2018
515,2018-01-27,90.0,2018,1,27,1-27,2017-2018
516,2018-01-28,90.0,2018,1,28,1-28,2017-2018
517,2018-01-29,90.0,2018,1,29,1-29,2017-2018
518,2018-01-30,90.0,2018,1,30,1-30,2017-2018
519,2018-01-31,90.0,2018,1,31,1-31,2017-2018
520,2018-02-01,90.0,2018,2,1,2-1,2017-2018
521,2018-02-02,96.0,2018,2,2,2-2,2017-2018
522,2018-02-03,95.0,2018,2,3,2-3,2017-2018
523,2018-02-04,95.0,2018,2,4,2-4,2017-2018
524,2018-02-05,111.0,2018,2,5,2-5,2017-2018
525,2018-02-06,115.0,2018,2,6,2-6,2017-2018
526,2018-02-07,115.0,2018,2,7,2-7,2017-2018
527,2018-02-08,134.0,2018,2,8,2-8,2017-2018
528,2018-02-09,131.0,2018,2,9,2-9,2017-2018
529,2018-02-10,133.0,2018,2,10,2-10,2017-2018
530,2018-02-11,130.0,2018,2,11,2-11,2017-2018
531,2018-02-12,123.0,2018,2,12,2-12,2017-2018
532,2018-02-13,123.0,2018,2,13,2-13,2017-2018
533,2018-02-14,121.0,2018,2,14,2-14,2017-2018
534,2018-02-15,121.0,2018,2,15,2-15,2017-2018
535,2018-02-16,118.0,2018,2,16,2-16,2017-2018
536,2018-02-17,120.0,2018,2,17,2-17,2017-2018
537,2018-02-18,125.0,2018,2,18,2-18,2017-2018
538,2018-02-19,124.0,2018,2,19,2-19,2017-2018
539,2018-02-20,116.0,2018,2,20,2-20,2017-2018
540,2018-02-21,100.0,2018,2,21,2-21,2017-2018
541,2018-02-22,90.0,2018,2,22,2-22,2017-2018
542,2018-02-23,90.0,2018,2,23,2-23,2017-2018
543,2018-02-24,92.0,2018,2,24,2-24,2017-2018
544,2018-02-25,92.0,2018,2,25,2-25,2017-2018
545,2018-02-26,100.0,2018,2,26,2-26,2017-2018
546,2018-02-27,100.0,2018,2,27,2-27,2017-2018
547,2018-02-28,100.0,2018,2,28,2-28,2017-2018
548,2018-03-01,99.0,2018,3,1,3-1,2017-2018
549,2018-03-02,100.0,2018,3,2,3-2,2017-2018
550,2018-03-02,0.0,2018,3,2,3-2,2017-2018
551,2018-03-03,106.0,2018,3,3,3-3,2017-2018
552,2018-03-04,105.0,2018,3,4,3-4,2017-2018
553,2018-03-05,110.0,2018,3,5,3-5,2017-2018
554,2018-03-06,109.0,2018,3,6,3-6,2017-2018
555,2018-03-07,107.0,2018,3,7,3-7,2017-2018
556,2018-03-08,127.0,2018,3,8,3-8,2017-2018
557,2018-03-09,136.0,2018,3,9,3-9,2017-2018
558,2018-03-10,142.0,2018,3,10,3-10,2017-2018
559,2018-03-11,165.0,2018,3,11,3-11,2017-2018
560,2018-03-12,158.0,2018,3,12,3-12,2017-2018
561,2018-03-13,153.0,2018,3,13,3-13,2017-2018
562,2018-03-14,189.0,2018,3,14,3-14,2017-2018
563,2018-03-15,204.0,2018,3,15,3-15,2017-2018
564,2018-03-16,201.0,2018,3,16,3-16,2017-2018
565,2018-03-17,195.0,2018,3,17,3-17,2017-2018
566,2018-03-18,197.0,2018,3,18,3-18,2017-2018
567,2018-03-19,184.0,2018,3,19,3-19,2017-2018
568,2018-03-20,179.0,2018,3,20,3-20,2017-2018
569,2018-03-21,175.0,2018,3,21,3-21,2017-2018
570,2018-03-22,173.0,2018,3,22,3-22,2017-2018
571,2018-03-23,170.0,2018,3,23,3-23,2017-2018
572,2018-03-24,168.0,2018,3,24,3-24,2017-2018
573,2018-03-25,172.0,2018,3,25,3-25,2017-2018
574,2018-03-26,169.0,2018,3,26,3-26,2017-2018
575,2018-03-27,165.0,2018,3,27,3-27,2017-2018
576,2018-03-28,162.0,2018,3,28,3-28,2017-2018
577,2018-03-29,159.0,2018,3,29,3-29,2017-2018
578,2018-03-30,151.0,2018,3,30,3-30,2017-2018
579,2018-03-31,145.0,2018,3,31,3-31,2017-2018
580,2018-04-01,144.0,2018,4,1,4-1,2017-2018
581,2018-04-02,144.0,2018,4,2,4-2,2017-2018
582,2018-04-03,144.0,2018,4,3,4-3,2017-2018
583,2018-04-04,144.0,2018,4,4,4-4,2017-2018
584,2018-04-05,142.0,2018,4,5,4-5,2017-2018
585,2018-04-06,142.0,2018,4,6,4-6,2017-2018
586,2018-04-07,160.0,2018,4,7,4-7,2017-2018
587,2018-04-08,159.0,2018,4,8,4-8,2017-2018
588,2018-04-09,164.0,2018,4,9,4-9,2017-2018
589,2018-04-10,159.0,2018,4,10,4-10,2017-2018
590,2018-04-11,167.0,2018,4,11,4-11,2017-2018
591,2018-04-12,165.0,2018,4,12,4-12,2017-2018
592,2018-04-13,159.0,2018,4,13,4-13,2017-2018
593,2018-04-14,150.0,2018,4,14,4-14,2017-2018
594,2018-04-15,150.0,2018,4,15,4-15,2017-2018
595,2018-04-16,152.0,2018,4,16,4-16,2017-2018
596,2018-04-17,159.0,2018,4,17,4-17,2017-2018
597,2018-04-18,164.0,2018,4,18,4-18,2017-2018
598,2018-04-19,163.0,2018,4,19,4-19,2017-2018
599,2018-04-20,178.0,2018,4,20,4-20,2017-2018
600,2018-04-21,182.0,2018,4,21,4-21,2017-2018
601,2018-04-22,177.0,2018,4,22,4-22,2017-2018
602,2018-04-23,173.0,2018,4,23,4-23,2017-2018
603,2018-04-24,166.0,2018,4,24,4-24,2017-2018
604,2018-04-25,158.0,2018,4,25,4-25,2017-2018
605,2018-04-26,152.0,2018,4,26,4-26,2017-2018
606,2018-04-26,150.0,2018,4,26,4-26,2017-2018
607,2018-04-27,148.0,2018,4,27,4-27,2017-2018
608,2018-04-28,145.0,2018,4,28,4-28,2017-2018
609,2018-04-29,140.0,2018,4,29,4-29,2017-2018
610,2018-04-30,142.0,2018,4,30,4-30,2017-2018
611,2018-05-01,140.0,2018,5,1,5-1,2017-2018
612,2018-05-02,135.0,2018,5,2,5-2,2017-2018
613,2018-05-03,119.0,2018,5,3,5-3,2017-2018
614,2018-05-04,107.0,2018,5,4,5-4,2017-2018
615,2018-05-05,100.0,2018,5,5,5-5,2017-2018
616,2018-05-06,92.0,2018,5,6,5-6,2017-2018
617,2018-05-07,86.0,2018,5,7,5-7,2017-2018
618,2018-05-08,82.0,2018,5,8,5-8,2017-2018
619,2018-05-09,76.0,2018,5,9,5-9,2017-2018
620,2018-05-10,70.0,2018,5,10,5-10,2017-2018
621,2018-05-11,63.0,2018,5,11,5-11,2017-2018
622,2018-05-12,61.0,2018,5,12,5-12,2017-2018
623,2018-05-13,60.0,2018,5,13,5-13,2017-2018
624,2018-05-14,45.0,2018,5,14,5-14,2017-2018
625,2018-05-15,40.0,2018,5,15,5-15,2017-2018
626,2018-05-15,0.0,2018,5,15,5-15,2017-2018
627,2018-05-16,30.0,2018,5,16,5-16,2017-2018
628,2018-05-17,20.0,2018,5,17,5-17,2017-2018
629,2018-05-18,12.0,2018,5,18,5-18,2017-2018
630,2018-05-19,12.0,2018,5,19,5-19,2017-2018
631,2018-05-20,0.0,2018,5,20,5-20,2017-2018
632,2018-05-21,0.0,2018,5,21,5-21,2017-2018
633,2018-05-22,0.0,2018,5,22,5-22,2017-2018
634,2018-05-23,0.0,2018,5,23,5-23,2017-2018
635,2018-05-26,0.0,2018,5,26,5-26,2017-2018
636,2018-05-27,0.0,2018,5,27,5-27,2017-2018
637,2018-05-28,0.0,2018,5,28,5-28,2017-2018
638,2018-05-29,0.0,2018,5,29,5-29,2017-2018
639,2018-05-30,0.0,2018,5,30,5-30,2017-2018
640,2018-11-18,75.0,2018,11,18,11-18,2018-2019
641,2018-11-19,75.0,2018,11,19,11-19,2018-2019
642,2018-11-20,73.0,2018,11,20,11-20,2018-2019
643,2018-11-21,79.0,2018,11,21,11-21,2018-2019
644,2018-11-22,93.0,2018,11,22,11-22,2018-2019
645,2018-11-23,92.0,2018,11,23,11-23,2018-2019
646,2018-11-24,87.0,2018,11,24,11-24,2018-2019
647,2018-11-25,82.0,2018,11,25,11-25,2018-2019
648,2018-11-26,80.0,2018,11,26,11-26,2018-2019
649,2018-11-27,0.0,2018,11,27,11-27,2018-2019
650,2018-11-28,121.0,2018,11,28,11-28,2018-2019
651,2018-11-29,123.0,2018,11,29,11-29,2018-2019
652,2018-11-30,118.0,2018,11,30,11-30,2018-2019
653,2018-12-01,115.0,2018,12,1,12-1,2018-2019
654,2018-12-02,114.0,2018,12,2,12-2,2018-2019
655,2018-12-03,109.0,2018,12,3,12-3,2018-2019
656,2018-12-04,110.0,2018,12,4,12-4,2018-2019
657,2018-12-05,107.0,2018,12,5,12-5,2018-2019
658,2018-12-06,109.0,2018,12,6,12-6,2018-2019
659,2018-12-07,118.0,2018,12,7,12-7,2018-2019
660,2018-12-08,118.0,2018,12,8,12-8,2018-2019
661,2018-12-09,115.0,2018,12,9,12-9,2018-2019
662,2018-12-10,113.0,2018,12,10,12-10,2018-2019
663,2018-12-11,109.0,2018,12,11,12-11,2018-2019
664,2018-12-12,110.0,2018,12,12,12-12,2018-2019
665,2018-12-13,110.0,2018,12,13,12-13,2018-2019
666,2018-12-14,108.0,2018,12,14,12-14,2018-2019
667,2018-12-15,108.0,2018,12,15,12-15,2018-2019
668,2018-12-16,106.0,2018,12,16,12-16,2018-2019
669,2018-12-17,108.0,2018,12,17,12-17,2018-2019
670,2018-12-18,118.0,2018,12,18,12-18,2018-2019
671,2018-12-19,115.0,2018,12,19,12-19,2018-2019
672,2018-12-20,113.0,2018,12,20,12-20,2018-2019
673,2018-12-21,108.0,2018,12,21,12-21,2018-2019
674,2018-12-22,90.0,2018,12,22,12-22,2018-2019
675,2018-12-23,88.0,2018,12,23,12-23,2018-2019
676,2018-12-24,86.0,2018,12,24,12-24,2018-2019
677,2018-12-25,90.0,2018,12,25,12-25,2018-2019
678,2018-12-26,90.0,2018,12,26,12-26,2018-2019
679,2018-12-27,91.0,2018,12,27,12-27,2018-2019
680,2018-12-28,91.0,2018,12,28,12-28,2018-2019
681,2018-12-29,92.0,2018,12,29,12-29,2018-2019
682,2018-12-30,91.0,2018,12,30,12-30,2018-2019
683,2018-12-31,91.0,2018,12,31,12-31,2018-2019
684,2019-01-01,101.0,2019,1,1,1-1,2018-2019
685,2019-01-02,103.0,2019,1,2,1-2,2018-2019
686,2019-01-03,112.0,2019,1,3,1-3,2018-2019
687,2019-01-04,116.0,2019,1,4,1-4,2018-2019
688,2019-01-05,114.0,2019,1,5,1-5,2018-2019
689,2019-01-06,112.0,2019,1,6,1-6,2018-2019
690,2019-01-07,122.0,2019,1,7,1-7,2018-2019
691,2019-01-08,120.0,2019,1,8,1-8,2018-2019
692,2019-01-09,126.0,2019,1,9,1-9,2018-2019
693,2019-01-10,150.0,2019,1,10,1-10,2018-2019
694,2019-01-11,160.0,2019,1,11,1-11,2018-2019
695,2019-01-12,155.0,2019,1,12,1-12,2018-2019
696,2019-01-13,154.0,2019,1,13,1-13,2018-2019
697,2019-01-14,151.0,2019,1,14,1-14,2018-2019
698,2019-01-15,148.0,2019,1,15,1-15,2018-2019
699,2019-01-16,148.0,2019,1,16,1-16,2018-2019
700,2019-01-17,147.0,2019,1,17,1-17,2018-2019
701,2019-01-18,145.0,2019,1,18,1-18,2018-2019
702,2019-01-19,145.0,2019,1,19,1-19,2018-2019
703,2019-01-20,158.0,2019,1,20,1-20,2018-2019
704,2019-01-21,175.0,2019,1,21,1-21,2018-2019
705,2019-01-22,172.0,2019,1,22,1-22,2018-2019
706,2019-01-23,169.0,2019,1,23,1-23,2018-2019
707,2019-01-24,163.0,2019,1,24,1-24,2018-2019
708,2019-01-25,155.0,2019,1,25,1-25,2018-2019
709,2019-01-26,158.0,2019,1,26,1-26,2018-2019
710,2019-01-27,155.0,2019,1,27,1-27,2018-2019
711,2019-01-28,170.0,2019,1,28,1-28,2018-2019
712,2019-01-29,167.0,2019,1,29,1-29,2018-2019
713,2019-01-30,189.0,2019,1,30,1-30,2018-2019
714,2019-01-31,188.0,2019,1,31,1-31,2018-2019
715,2019-02-01,184.0,2019,2,1,2-1,2018-2019
716,2019-02-02,180.0,2019,2,2,2-2,2018-2019
717,2019-02-03,180.0,2019,2,3,2-3,2018-2019
718,2019-02-04,179.0,2019,2,4,2-4,2018-2019
719,2019-02-05,171.0,2019,2,5,2-5,2018-2019
720,2019-02-06,168.0,2019,2,6,2-6,2018-2019
721,2019-02-07,169.0,2019,2,7,2-7,2018-2019
722,2019-02-08,165.0,2019,2,8,2-8,2018-2019
723,2019-02-09,164.0,2019,2,9,2-9,2018-2019
724,2019-02-10,164.0,2019,2,10,2-10,2018-2019
725,2019-02-11,164.0,2019,2,11,2-11,2018-2019
726,2019-02-12,164.0,2019,2,12,2-12,2018-2019
727,2019-02-13,187.0,2019,2,13,2-13,2018-2019
728,2019-02-14,196.0,2019,2,14,2-14,2018-2019
729,2019-02-15,195.0,2019,2,15,2-15,2018-2019
730,2019-02-16,205.0,2019,2,16,2-16,2018-2019
731,2019-02-17,204.0,2019,2,17,2-17,2018-2019
732,2019-02-18,201.0,2019,2,18,2-18,2018-2019
733,2019-02-19,206.0,2019,2,19,2-19,2018-2019
734,2019-02-19,206.0,2019,2,19,2-19,2018-2019
735,2019-02-20,201.0,2019,2,20,2-20,2018-2019
736,2019-02-21,204.0,2019,2,21,2-21,2018-2019
737,2019-02-22,209.0,2019,2,22,2-22,2018-2019
738,2019-02-23,206.0,2019,2,23,2-23,2018-2019
739,2019-02-24,203.0,2019,2,24,2-24,2018-2019
740,2019-02-25,227.0,2019,2,25,2-25,2018-2019
741,2019-02-26,234.0,2019,2,26,2-26,2018-2019
742,2019-02-27,230.0,2019,2,27,2-27,2018-2019
743,2019-02-28,229.0,2019,2,28,2-28,2018-2019
744,2019-03-01,227.0,2019,3,1,3-1,2018-2019
745,2019-03-02,225.0,2019,3,2,3-2,2018-2019
746,2019-03-03,226.0,2019,3,3,3-3,2018-2019
747,2019-03-04,228.0,2019,3,4,3-4,2018-2019
748,2019-03-05,230.0,2019,3,5,3-5,2018-2019
749,2019-03-06,231.0,2019,3,6,3-6,2018-2019
750,2019-03-07,230.0,2019,3,7,3-7,2018-2019
751,2019-03-08,225.0,2019,3,8,3-8,2018-2019
752,2019-03-09,223.0,2019,3,9,3-9,2018-2019
753,2019-03-10,220.0,2019,3,10,3-10,2018-2019
754,2019-03-11,230.0,2019,3,11,3-11,2018-2019
755,2019-03-12,237.0,2019,3,12,3-12,2018-2019
756,2019-03-13,235.0,2019,3,13,3-13,2018-2019
757,2019-03-14,234.0,2019,3,14,3-14,2018-2019
758,2019-03-15,225.0,2019,3,15,3-15,2018-2019
759,2019-03-16,215.0,2019,3,16,3-16,2018-2019
760,2019-03-17,218.0,2019,3,17,3-17,2018-2019
761,2019-03-18,216.0,2019,3,18,3-18,2018-2019
762,2019-03-19,215.0,2019,3,19,3-19,2018-2019
763,2019-03-20,214.0,2019,3,20,3-20,2018-2019
764,2019-03-21,213.0,2019,3,21,3-21,2018-2019
765,2019-03-22,213.0,2019,3,22,3-22,2018-2019
766,2019-03-23,253.0,2019,3,23,3-23,2018-2019
767,2019-03-24,250.0,2019,3,24,3-24,2018-2019
768,2019-03-25,249.0,2019,3,25,3-25,2018-2019
769,2019-03-26,245.0,2019,3,26,3-26,2018-2019
770,2019-03-27,243.0,2019,3,27,3-27,2018-2019
771,2019-03-28,240.0,2019,3,28,3-28,2018-2019
772,2019-03-29,238.0,2019,3,29,3-29,2018-2019
773,2019-03-30,234.0,2019,3,30,3-30,2018-2019
774,2019-03-31,225.0,2019,3,31,3-31,2018-2019
775,2019-04-01,219.0,2019,4,1,4-1,2018-2019
776,2019-04-02,219.0,2019,4,2,4-2,2018-2019
777,2019-04-03,216.0,2019,4,3,4-3,2018-2019
778,2019-04-04,214.0,2019,4,4,4-4,2018-2019
779,2019-04-05,214.0,2019,4,5,4-5,2018-2019
780,2019-04-06,217.0,2019,4,6,4-6,2018-2019
781,2019-04-07,216.0,2019,4,7,4-7,2018-2019
782,2019-04-08,215.0,2019,4,8,4-8,2018-2019
783,2019-04-09,219.0,2019,4,9,4-9,2018-2019
784,2019-04-10,224.0,2019,4,10,4-10,2018-2019
785,2019-04-11,222.0,2019,4,11,4-11,2018-2019
786,2019-04-12,219.0,2019,4,12,4-12,2018-2019
787,2019-04-13,207.0,2019,4,13,4-13,2018-2019
788,2019-04-14,200.0,2019,4,14,4-14,2018-2019
789,2019-04-15,193.0,2019,4,15,4-15,2018-2019
790,2019-04-16,190.0,2019,4,16,4-16,2018-2019
791,2019-04-17,190.0,2019,4,17,4-17,2018-2019
792,2019-04-18,185.0,2019,4,18,4-18,2018-2019
793,2019-04-19,180.0,2019,4,19,4-19,2018-2019
794,2019-04-20,175.0,2019,4,20,4-20,2018-2019
795,2019-04-21,160.0,2019,4,21,4-21,2018-2019
796,2019-04-22,156.0,2019,4,22,4-22,2018-2019
797,2019-04-23,152.0,2019,4,23,4-23,2018-2019
798,2019-04-24,146.0,2019,4,24,4-24,2018-2019
799,2019-04-25,145.0,2019,4,25,4-25,2018-2019
800,2019-04-26,143.0,2019,4,26,4-26,2018-2019
801,2019-04-27,142.0,2019,4,27,4-27,2018-2019
802,2019-04-28,147.0,2019,4,28,4-28,2018-2019
803,2019-04-29,138.0,2019,4,29,4-29,2018-2019
804,2019-04-30,138.0,2019,4,30,4-30,2018-2019
805,2019-05-01,138.0,2019,5,1,5-1,2018-2019
806,2019-05-02,130.0,2019,5,2,5-2,2018-2019
807,2019-05-03,130.0,2019,5,3,5-3,2018-2019
808,2019-05-04,128.0,2019,5,4,5-4,2018-2019
809,2019-05-05,125.0,2019,5,5,5-5,2018-2019
810,2019-05-06,123.0,2019,5,6,5-6,2018-2019
811,2019-05-07,118.0,2019,5,7,5-7,2018-2019
812,2019-05-08,112.0,2019,5,8,5-8,2018-2019
813,2019-05-09,110.0,2019,5,9,5-9,2018-2019
814,2019-05-10,103.0,2019,5,10,5-10,2018-2019
815,2019-05-11,96.0,2019,5,11,5-11,2018-2019
816,2019-05-12,93.0,2019,5,12,5-12,2018-2019
817,2019-05-13,85.0,2019,5,13,5-13,2018-2019
818,2019-05-14,89.0,2019,5,14,5-14,2018-2019
819,2019-05-15,89.0,2019,5,15,5-15,2018-2019
820,2019-05-16,84.0,2019,5,16,5-16,2018-2019
821,2019-05-17,84.0,2019,5,17,5-17,2018-2019
822,2019-05-18,80.0,2019,5,18,5-18,2018-2019
823,2019-05-19,72.0,2019,5,19,5-19,2018-2019
824,2019-05-20,68.0,2019,5,20,5-20,2018-2019
825,2019-05-21,60.0,2019,5,21,5-21,2018-2019
826,2019-05-22,60.0,2019,5,22,5-22,2018-2019
827,2019-05-23,54.0,2019,5,23,5-23,2018-2019
828,2019-05-24,43.0,2019,5,24,5-24,2018-2019
829,2019-05-25,36.0,2019,5,25,5-25,2018-2019
830,2019-05-26,22.0,2019,5,26,5-26,2018-2019
831,2019-05-27,10.0,2019,5,27,5-27,2018-2019
832,2019-05-28,0.0,2019,5,28,5-28,2018-2019
833,2019-05-29,0.0,2019,5,29,5-29,2018-2019
834,2019-05-30,0.0,2019,5,30,5-30,2018-2019
835,2019-05-31,0.0,2019,5,31,5-31,2018-2019
836,2019-11-11,18.0,2019,11,11,11-11,2019-2020
837,2019-11-14,12.0,2019,11,14,11-14,2019-2020
838,2019-11-15,20.0,2019,11,15,11-15,2019-2020
839,2019-11-16,23.0,2019,11,16,11-16,2019-2020
840,2019-11-17,23.0,2019,11,17,11-17,2019-2020
841,2019-11-18,21.0,2019,11,18,11-18,2019-2020
842,2019-11-19,17.0,2019,11,19,11-19,2019-2020
843,2019-11-20,19.0,2019,11,20,11-20,2019-2020
844,2019-11-21,20.0,2019,11,21,11-21,2019-2020
845,2019-11-22,18.0,2019,11,22,11-22,2019-2020
846,2019-11-23,23.0,2019,11,23,11-23,2019-2020
847,2019-11-24,22.0,2019,11,24,11-24,2019-2020
848,2019-11-25,53.0,2019,11,25,11-25,2019-2020
849,2019-11-26,53.0,2019,11,26,11-26,2019-2020
850,2019-11-27,49.0,2019,11,27,11-27,2019-2020
851,2019-11-28,59.0,2019,11,28,11-28,2019-2020
852,2019-11-29,60.0,2019,11,29,11-29,2019-2020
853,2019-11-30,57.0,2019,11,30,11-30,2019-2020
854,2019-12-01,56.0,2019,12,1,12-1,2019-2020
855,2019-12-02,62.0,2019,12,2,12-2,2019-2020
856,2019-12-03,63.0,2019,12,3,12-3,2019-2020
857,2019-12-04,65.0,2019,12,4,12-4,2019-2020
858,2019-12-05,64.0,2019,12,5,12-5,2019-2020
859,2019-12-06,67.0,2019,12,6,12-6,2019-2020
860,2019-12-07,74.0,2019,12,7,12-7,2019-2020
861,2019-12-08,73.0,2019,12,8,12-8,2019-2020
862,2019-12-09,71.0,2019,12,9,12-9,2019-2020
863,2019-12-10,59.0,2019,12,10,12-10,2019-2020
864,2019-12-11,55.0,2019,12,11,12-11,2019-2020
865,2019-12-12,55.0,2019,12,12,12-12,2019-2020
866,2019-12-13,55.0,2019,12,13,12-13,2019-2020
867,2019-12-14,55.0,2019,12,14,12-14,2019-2020
868,2019-12-15,50.0,2019,12,15,12-15,2019-2020
869,2019-12-16,53.0,2019,12,16,12-16,2019-2020
870,2019-12-17,51.0,2019,12,17,12-17,2019-2020
871,2019-12-18,62.0,2019,12,18,12-18,2019-2020
872,2019-12-19,79.0,2019,12,19,12-19,2019-2020
873,2019-12-20,73.0,2019,12,20,12-20,2019-2020
874,2019-12-21,70.0,2019,12,21,12-21,2019-2020
875,2019-12-22,68.0,2019,12,22,12-22,2019-2020
876,2019-12-23,66.0,2019,12,23,12-23,2019-2020
877,2019-12-24,66.0,2019,12,24,12-24,2019-2020
878,2019-12-25,64.0,2019,12,25,12-25,2019-2020
879,2019-12-26,64.0,2019,12,26,12-26,2019-2020
880,2019-12-27,62.0,2019,12,27,12-27,2019-2020
881,2019-12-28,59.0,2019,12,28,12-28,2019-2020
882,2019-12-29,59.0,2019,12,29,12-29,2019-2020
883,2019-12-30,65.0,2019,12,30,12-30,2019-2020
884,2019-12-31,85.0,2019,12,31,12-31,2019-2020
885,2020-01-01,95.0,2020,1,1,1-1,2019-2020
886,2020-01-02,103.0,2020,1,2,1-2,2019-2020
887,2020-01-03,99.0,2020,1,3,1-3,2019-2020
888,2020-01-04,96.0,2020,1,4,1-4,2019-2020
889,2020-01-05,100.0,2020,1,5,1-5,2019-2020
890,2020-01-06,101.0,2020,1,6,1-6,2019-2020
891,2020-01-07,105.0,2020,1,7,1-7,2019-2020
892,2020-01-08,105.0,2020,1,8,1-8,2019-2020
893,2020-01-09,110.0,2020,1,9,1-9,2019-2020
894,2020-01-10,108.0,2020,1,10,1-10,2019-2020
895,2020-01-11,104.0,2020,1,11,1-11,2019-2020
896,2020-01-12,85.0,2020,1,12,1-12,2019-2020
897,2020-01-13,79.0,2020,1,13,1-13,2019-2020
898,2020-01-14,79.0,2020,1,14,1-14,2019-2020
899,2020-01-15,82.0,2020,1,15,1-15,2019-2020
900,2020-01-16,85.0,2020,1,16,1-16,2019-2020
901,2020-01-17,107.0,2020,1,17,1-17,2019-2020
902,2020-01-18,103.0,2020,1,18,1-18,2019-2020
903,2020-01-19,112.0,2020,1,19,1-19,2019-2020
904,2020-01-20,111.0,2020,1,20,1-20,2019-2020
905,2020-01-21,106.0,2020,1,21,1-21,2019-2020
906,2020-01-22,105.0,2020,1,22,1-22,2019-2020
907,2020-01-23,104.0,2020,1,23,1-23,2019-2020
908,2020-01-24,102.0,2020,1,24,1-24,2019-2020
909,2020-01-25,102.0,2020,1,25,1-25,2019-2020
910,2020-01-26,113.0,2020,1,26,1-26,2019-2020
911,2020-01-27,114.0,2020,1,27,1-27,2019-2020
912,2020-01-28,119.0,2020,1,28,1-28,2019-2020
913,2020-01-29,117.0,2020,1,29,1-29,2019-2020
914,2020-01-30,116.0,2020,1,30,1-30,2019-2020
915,2020-01-31,115.0,2020,1,31,1-31,2019-2020
916,2020-02-01,115.0,2020,2,1,2-1,2019-2020
917,2020-02-02,115.0,2020,2,2,2-2,2019-2020
918,2020-02-03,115.0,2020,2,3,2-3,2019-2020
919,2020-02-04,115.0,2020,2,4,2-4,2019-2020
920,2020-02-05,114.0,2020,2,5,2-5,2019-2020
921,2020-02-06,117.0,2020,2,6,2-6,2019-2020
922,2020-02-07,119.0,2020,2,7,2-7,2019-2020
923,2020-02-08,132.0,2020,2,8,2-8,2019-2020
924,2020-02-09,131.0,2020,2,9,2-9,2019-2020
925,2020-02-10,133.0,2020,2,10,2-10,2019-2020
926,2020-02-11,141.0,2020,2,11,2-11,2019-2020
927,2020-02-12,142.0,2020,2,12,2-12,2019-2020
928,2020-02-13,142.0,2020,2,13,2-13,2019-2020
929,2020-02-14,146.0,2020,2,14,2-14,2019-2020
930,2020-02-15,144.0,2020,2,15,2-15,2019-2020
931,2020-02-16,142.0,2020,2,16,2-16,2019-2020
932,2020-02-17,141.0,2020,2,17,2-17,2019-2020
933,2020-02-18,140.0,2020,2,18,2-18,2019-2020
934,2020-02-19,158.0,2020,2,19,2-19,2019-2020
935,2020-02-20,160.0,2020,2,20,2-20,2019-2020
936,2020-02-21,125.0,2020,2,21,2-21,2019-2020
937,2020-02-21,153.0,2020,2,21,2-21,2019-2020
938,2020-02-22,151.0,2020,2,22,2-22,2019-2020
939,2020-02-23,149.0,2020,2,23,2-23,2019-2020
940,2020-02-24,147.0,2020,2,24,2-24,2019-2020
941,2020-02-25,145.0,2020,2,25,2-25,2019-2020
942,2020-02-26,145.0,2020,2,26,2-26,2019-2020
943,2020-02-27,146.0,2020,2,27,2-27,2019-2020
944,2020-02-28,175.0,2020,2,28,2-28,2019-2020
945,2020-02-29,174.0,2020,2,29,2-29,2019-2020
946,2020-03-01,172.0,2020,3,1,3-1,2019-2020
947,2020-03-02,172.0,2020,3,2,3-2,2019-2020
948,2020-03-03,172.0,2020,3,3,3-3,2019-2020
949,2020-03-04,168.0,2020,3,4,3-4,2019-2020
950,2020-03-05,165.0,2020,3,5,3-5,2019-2020
951,2020-03-06,164.0,2020,3,6,3-6,2019-2020
952,2020-03-07,164.0,2020,3,7,3-7,2019-2020
953,2020-03-08,163.0,2020,3,8,3-8,2019-2020
954,2020-03-09,161.0,2020,3,9,3-9,2019-2020
955,2020-03-10,159.0,2020,3,10,3-10,2019-2020
956,2020-03-11,153.0,2020,3,11,3-11,2019-2020
957,2020-03-12,153.0,2020,3,12,3-12,2019-2020
958,2020-03-13,153.0,2020,3,13,3-13,2019-2020
959,2020-03-14,158.0,2020,3,14,3-14,2019-2020
960,2020-03-15,158.0,2020,3,15,3-15,2019-2020
961,2020-03-16,156.0,2020,3,16,3-16,2019-2020
962,2020-03-17,156.0,2020,3,17,3-17,2019-2020
963,2020-03-18,157.0,2020,3,18,3-18,2019-2020
964,2020-03-19,156.0,2020,3,19,3-19,2019-2020
965,2020-03-20,154.0,2020,3,20,3-20,2019-2020
966,2020-03-21,145.0,2020,3,21,3-21,2019-2020
967,2020-03-22,145.0,2020,3,22,3-22,2019-2020
968,2020-03-23,144.0,2020,3,23,3-23,2019-2020
969,2020-03-24,171.0,2020,3,24,3-24,2019-2020
970,2020-03-25,169.0,2020,3,25,3-25,2019-2020
971,2020-03-26,165.0,2020,3,26,3-26,2019-2020
972,2020-03-27,163.0,2020,3,27,3-27,2019-2020
973,2020-04-01,166.0,2020,4,1,4-1,2019-2020
974,2020-04-02,165.0,2020,4,2,4-2,2019-2020
975,2020-04-03,168.0,2020,4,3,4-3,2019-2020
976,2020-04-05,0.0,2020,4,5,4-5,2019-2020
977,2020-04-08,159.0,2020,4,8,4-8,2019-2020
978,2020-04-09,158.0,2020,4,9,4-9,2019-2020
979,2020-04-10,200.0,2020,4,10,4-10,2019-2020
980,2020-04-11,222.0,2020,4,11,4-11,2019-2020
981,2020-04-12,216.0,2020,4,12,4-12,2019-2020
982,2020-04-13,206.0,2020,4,13,4-13,2019-2020
983,2020-12-05,2.0,2020,12,5,12-5,2020-2021
984,2020-12-06,37.0,2020,12,6,12-6,2020-2021
985,2020-12-07,38.0,2020,12,7,12-7,2020-2021
986,2020-12-08,41.0,2020,12,8,12-8,2020-2021
987,2020-12-09,40.0,2020,12,9,12-9,2020-2021
988,2020-12-11,39.0,2020,12,11,12-11,2020-2021
989,2020-12-12,36.0,2020,12,12,12-12,2020-2021
990,2020-12-13,35.0,2020,12,13,12-13,2020-2021
991,2020-12-14,30.0,2020,12,14,12-14,2020-2021
992,2020-12-15,30.0,2020,12,15,12-15,2020-2021
993,2020-12-16,30.0,2020,12,16,12-16,2020-2021
994,2020-12-17,32.0,2020,12,17,12-17,2020-2021
995,2020-12-18,45.0,2020,12,18,12-18,2020-2021
996,2020-12-19,45.0,2020,12,19,12-19,2020-2021
997,2020-12-20,40.0,2020,12,20,12-20,2020-2021
998,2020-12-21,40.0,2020,12,21,12-21,2020-2021
999,2020-12-22,40.0,2020,12,22,12-22,2020-2021
1000,2020-12-23,45.0,2020,12,23,12-23,2020-2021
1001,2020-12-24,42.0,2020,12,24,12-24,2020-2021
1002,2020-12-25,32.0,2020,12,25,12-25,2020-2021
1003,2020-12-26,15.0,2020,12,26,12-26,2020-2021
1004,2022-12-11,10.0,2022,12,11,12-11,2022-2023
1005,2022-12-12,12.0,2022,12,12,12-12,2022-2023
1006,2022-12-13,12.0,2022,12,13,12-13,2022-2023
1007,2022-12-14,15.0,2022,12,14,12-14,2022-2023
1008,2022-12-15,14.0,2022,12,15,12-15,2022-2023
1009,2022-12-16,14.0,2022,12,16,12-16,2022-2023
1010,2022-12-17,55.0,2022,12,17,12-17,2022-2023
1011,2022-12-18,50.0,2022,12,18,12-18,2022-2023
1012,2022-12-19,50.0,2022,12,19,12-19,2022-2023
1013,2022-12-20,54.0,2022,12,20,12-20,2022-2023
1014,2022-12-21,45.0,2022,12,21,12-21,2022-2023
1015,2022-12-22,43.0,2022,12,22,12-22,2022-2023
1016,2022-12-23,58.0,2022,12,23,12-23,2022-2023
1017,2022-12-24,42.0,2022,12,24,12-24,2022-2023
1018,2022-12-25,42.0,2022,12,25,12-25,2022-2023
1019,2022-12-26,42.0,2022,12,26,12-26,2022-2023
1020,2022-12-27,42.0,2022,12,27,12-27,2022-2023
1021,2022-12-28,43.0,2022,12,28,12-28,2022-2023
1022,2022-12-29,17.0,2022,12,29,12-29,2022-2023
1023,2022-12-30,42.0,2022,12,30,12-30,2022-2023
1024,2022-12-31,35.0,2022,12,31,12-31,2022-2023
1025,2023-01-01,25.0,2023,1,1,1-1,2022-2023
1026,2023-01-02,51.0,2023,1,2,1-2,2022-2023
1027,2023-01-03,25.0,2023,1,3,1-3,2022-2023
1028,2023-01-04,0.0,2023,1,4,1-4,2022-2023
1029,2023-01-05,25.0,2023,1,5,1-5,2022-2023
1030,2023-01-06,25.0,2023,1,6,1-6,2022-2023
1031,2023-01-07,32.0,2023,1,7,1-7,2022-2023
1032,2023-01-08,35.0,2023,1,8,1-8,2022-2023
1033,2023-01-09,35.0,2023,1,9,1-9,2022-2023
1034,2023-01-10,36.0,2023,1,10,1-10,2022-2023
1035,2023-01-11,35.0,2023,1,11,1-11,2022-2023
1036,2023-01-12,35.0,2023,1,12,1-12,2022-2023
1037,2023-01-13,47.0,2023,1,13,1-13,2022-2023
1038,2023-01-15,40.0,2023,1,15,1-15,2022-2023
1039,2023-01-16,40.0,2023,1,16,1-16,2022-2023
1040,2023-01-16,40.0,2023,1,16,1-16,2022-2023
1041,2023-01-18,40.0,2023,1,18,1-18,2022-2023
1042,2023-01-19,1.0,2023,1,19,1-19,2022-2023
1043,2023-01-20,57.0,2023,1,20,1-20,2022-2023
1044,2023-01-21,64.0,2023,1,21,1-21,2022-2023
1045,2023-01-22,62.0,2023,1,22,1-22,2022-2023
1046,2023-01-23,68.0,2023,1,23,1-23,2022-2023
1047,2023-01-24,76.0,2023,1,24,1-24,2022-2023
1048,2023-01-25,74.0,2023,1,25,1-25,2022-2023
1049,2023-01-26,88.0,2023,1,26,1-26,2022-2023
1050,2023-01-27,87.0,2023,1,27,1-27,2022-2023
1051,2023-01-28,85.0,2023,1,28,1-28,2022-2023
1052,2023-01-29,84.0,2023,1,29,1-29,2022-2023
1053,2023-01-30,85.0,2023,1,30,1-30,2022-2023
1054,2023-01-31,98.0,2023,1,31,1-31,2022-2023
1055,2023-02-01,89.0,2023,2,1,2-1,2022-2023
1056,2023-02-02,86.0,2023,2,2,2-2,2022-2023
1057,2023-02-03,89.0,2023,2,3,2-3,2022-2023
1058,2023-02-04,86.0,2023,2,4,2-4,2022-2023
1059,2023-02-05,85.0,2023,2,5,2-5,2022-2023
1060,2023-02-06,85.0,2023,2,6,2-6,2022-2023
1061,2023-02-07,84.0,2023,2,7,2-7,2022-2023
1062,2023-02-08,86.0,2023,2,8,2-8,2022-2023
1063,2023-02-09,86.0,2023,2,9,2-9,2022-2023
1064,2023-02-10,87.0,2023,2,10,2-10,2022-2023
1065,2023-02-11,88.0,2023,2,11,2-11,2022-2023
1066,2023-02-12,87.0,2023,2,12,2-12,2022-2023
1067,2023-02-13,85.0,2023,2,13,2-13,2022-2023
1068,2023-02-14,88.0,2023,2,14,2-14,2022-2023
1069,2023-02-15,92.0,2023,2,15,2-15,2022-2023
1070,2023-02-16,86.0,2023,2,16,2-16,2022-2023
1071,2023-02-17,86.0,2023,2,17,2-17,2022-2023
1072,2023-02-18,83.0,2023,2,18,2-18,2022-2023
1073,2023-02-19,83.0,2023,2,19,2-19,2022-2023
1074,2023-02-20,83.0,2023,2,20,2-20,2022-2023
1075,2023-02-21,85.0,2023,2,21,2-21,2022-2023
1076,2023-02-22,88.0,2023,2,22,2-22,2022-2023
1077,2023-02-23,100.0,2023,2,23,2-23,2022-2023
1078,2023-02-24,107.0,2023,2,24,2-24,2022-2023
1079,2023-02-25,105.0,2023,2,25,2-25,2022-2023
1080,2023-02-26,105.0,2023,2,26,2-26,2022-2023
1081,2023-02-27,110.0,2023,2,27,2-27,2022-2023
1082,2023-02-28,111.0,2023,2,28,2-28,2022-2023
1083,2023-03-01,140.0,2023,3,1,3-1,2022-2023
1084,2023-03-02,132.0,2023,3,2,3-2,2022-2023
1085,2023-03-03,140.0,2023,3,3,3-3,2022-2023
1086,2023-03-04,154.0,2023,3,4,3-4,2022-2023
1087,2023-03-05,163.0,2023,3,5,3-5,2022-2023
1088,2023-03-06,160.0,2023,3,6,3-6,2022-2023
1089,2023-03-07,155.0,2023,3,7,3-7,2022-2023
1090,2023-03-08,154.0,2023,3,8,3-8,2022-2023
1091,2023-03-09,152.0,2023,3,9,3-9,2022-2023
1092,2023-03-10,148.0,2023,3,10,3-10,2022-2023
1093,2023-03-11,146.0,2023,3,11,3-11,2022-2023
1094,2023-03-12,144.0,2023,3,12,3-12,2022-2023
1095,2023-03-13,143.0,2023,3,13,3-13,2022-2023
1096,2023-03-14,155.0,2023,3,14,3-14,2022-2023
1097,2023-03-15,185.0,2023,3,15,3-15,2022-2023
1098,2023-03-16,180.0,2023,3,16,3-16,2022-2023
1099,2023-03-17,173.0,2023,3,17,3-17,2022-2023
1100,2023-03-18,169.0,2023,3,18,3-18,2022-2023
1101,2023-03-19,175.0,2023,3,19,3-19,2022-2023
1102,2023-03-20,168.0,2023,3,20,3-20,2022-2023
1103,2023-03-21,167.0,2023,3,21,3-21,2022-2023
1104,2023-03-22,164.0,2023,3,22,3-22,2022-2023
1105,2023-03-23,160.0,2023,3,23,3-23,2022-2023
1106,2023-03-24,155.0,2023,3,24,3-24,2022-2023
1107,2023-03-25,155.0,2023,3,25,3-25,2022-2023
1108,2023-03-26,162.0,2023,3,26,3-26,2022-2023
1109,2023-03-28,160.0,2023,3,28,3-28,2022-2023
1110,2023-03-29,158.0,2023,3,29,3-29,2022-2023
1111,2023-03-30,163.0,2023,3,30,3-30,2022-2023
1112,2023-03-31,162.0,2023,3,31,3-31,2022-2023
1113,2023-04-01,165.0,2023,4,1,4-1,2022-2023
1114,2023-04-02,157.0,2023,4,2,4-2,2022-2023
1115,2023-04-03,155.0,2023,4,3,4-3,2022-2023
1116,2023-04-04,155.0,2023,4,4,4-4,2022-2023
1117,2023-04-05,155.0,2023,4,5,4-5,2022-2023
1118,2023-04-06,149.0,2023,4,6,4-6,2022-2023
1119,2023-04-07,139.0,2023,4,7,4-7,2022-2023
1120,2023-04-08,138.0,2023,4,8,4-8,2022-2023
1121,2023-04-09,138.0,2023,4,9,4-9,2022-2023
1122,2023-04-10,135.0,2023,4,10,4-10,2022-2023
1123,2023-04-11,130.0,2023,4,11,4-11,2022-2023
1124,2023-04-12,125.0,2023,4,12,4-12,2022-2023
1125,2023-04-13,120.0,2023,4,13,4-13,2022-2023
1126,2023-04-14,110.0,2023,4,14,4-14,2022-2023
1127,2023-04-15,105.0,2023,4,15,4-15,2022-2023
1128,2023-04-16,103.0,2023,4,16,4-16,2022-2023
1129,2023-04-17,95.0,2023,4,17,4-17,2022-2023
1130,2023-04-18,86.0,2023,4,18,4-18,2022-2023
1131,2023-04-19,87.0,2023,4,19,4-19,2022-2023
1132,2023-04-20,87.0,2023,4,20,4-20,2022-2023
1133,2023-04-21,85.0,2023,4,21,4-21,2022-2023
1134,2023-04-22,87.0,2023,4,22,4-22,2022-2023
1135,2023-04-23,80.0,2023,4,23,4-23,2022-2023
1136,2023-04-24,90.0,2023,4,24,4-24,2022-2023
1137,2023-04-25,95.0,2023,4,25,4-25,2022-2023
1138,2023-04-26,100.0,2023,4,26,4-26,2022-2023
1139,2023-04-27,100.0,2023,4,27,4-27,2022-2023
1140,2023-04-28,95.0,2023,4,28,4-28,2022-2023
1141,2023-04-29,88.0,2023,4,29,4-29,2022-2023
1142,2023-04-30,88.0,2023,4,30,4-30,2022-2023
1143,2023-04-30,0.0,2023,4,30,4-30,2022-2023
1144,2023-05-03,94.0,2023,5,3,5-3,2022-2023
1145,2023-05-04,108.0,2023,5,4,5-4,2022-2023
1146,2023-05-05,104.0,2023,5,5,5-5,2022-2023
1147,2023-05-07,85.0,2023,5,7,5-7,2022-2023
1148,2023-05-08,86.0,2023,5,8,5-8,2022-2023
1149,2023-05-09,80.0,2023,5,9,5-9,2022-2023
1150,2023-05-10,72.0,2023,5,10,5-10,2022-2023
1151,2023-05-10,73.0,2023,5,10,5-10,2022-2023
1152,2023-05-12,65.0,2023,5,12,5-12,2022-2023
1153,2023-05-13,60.0,2023,5,13,5-13,2022-2023
1154,2023-05-14,53.0,2023,5,14,5-14,2022-2023
1155,2023-05-15,48.0,2023,5,15,5-15,2022-2023
1156,2023-05-16,40.0,2023,5,16,5-16,2022-2023
1157,2023-05-17,34.0,2023,5,17,5-17,2022-2023
1158,2023-05-18,34.0,2023,5,18,5-18,2022-2023
1159,2023-05-19,30.0,2023,5,19,5-19,2022-2023
1160,2023-05-20,20.0,2023,5,20,5-20,2022-2023
1161,2023-05-21,15.0,2023,5,21,5-21,2022-2023
1162,2023-05-22,10.0,2023,5,22,5-22,2022-2023
1163,2023-12-02,40.0,2023,12,2,12-2,2023-2024
1164,2023-12-03,38.0,2023,12,3,12-3,2023-2024
1165,2023-12-04,65.0,2023,12,4,12-4,2023-2024
1166,2023-12-05,68.0,2023,12,5,12-5,2023-2024
1167,2023-12-06,64.0,2023,12,6,12-6,2023-2024
1168,2023-12-07,61.0,2023,12,7,12-7,2023-2024
1169,2023-12-08,60.0,2023,12,8,12-8,2023-2024
1170,2023-12-09,57.0,2023,12,9,12-9,2023-2024
1171,2023-12-10,52.0,2023,12,10,12-10,2023-2024
1172,2023-12-11,37.0,2023,12,11,12-11,2023-2024
1173,2023-12-11,42.0,2023,12,11,12-11,2023-2024
1174,2023-12-13,43.0,2023,12,13,12-13,2023-2024
1175,2023-12-14,0.0,2023,12,14,12-14,2023-2024
1176,2023-12-14,49.0,2023,12,14,12-14,2023-2024
1177,2023-12-15,47.0,2023,12,15,12-15,2023-2024
1178,2023-12-16,45.0,2023,12,16,12-16,2023-2024
1179,2023-12-17,45.0,2023,12,17,12-17,2023-2024
1180,2023-12-18,37.0,2023,12,18,12-18,2023-2024
1181,2023-12-19,0.0,2023,12,19,12-19,2023-2024
1182,2023-12-20,0.0,2023,12,20,12-20,2023-2024
1183,2023-12-21,0.0,2023,12,21,12-21,2023-2024
1184,2023-12-23,0.0,2023,12,23,12-23,2023-2024
